id;es;en
Q116546;Terramar;Earthsea series
Q1000165;Crónicas de la prehistoria;Chronicles of Ancient Darkness
Q1027525;Left Behind;Left Behind
Q1050442;Ikebukuro West Gate Park;Ikebukuro West Gate Park
Q109258543;Buta no Liver wa Kanetsu Shiro;Heat the Pig Liver
Q109258665;Tensei Ōjo to Tensai Reijō no Mahō Kakumei;The Magical Revolution of the Reincarnated Princess and the Genius Young Lady
Q109258837;Ishura;Ishura
Q109297684;Isekai Shōkan wa Nidome Desu;Summoned to Another World... Again?
Q109357576;Higeki no Genkyō to Naru Saikyō Gedō Last Boss Joō wa Tami no Tame ni Tsukushimasu;The Most Heretical Last Boss Queen
Q109512224;Zombie no Afureta Sekai de Ore Dake ga Osowarenai;In a World Full of Zombies I'm the Only One Who Doesn't Get Attacked
Q109512237;Watashi ga Koibito ni Nareru Wake Naijan, Muri Muri! Muri Janakatta!?;There's No Freaking Way I'll be Your Lover! Unless...
Q109512255;Watashi no Shiawase na Kekkon;My Happy Marriage
Q109941545;Yowai 5000-nen no Sōshoku Dragon, Iwarenaki Jaryū Ninte;A Herbivorous Dragon of 5,000 Years Gets Unfairly Villainized
Q110130996;Kōkyū no Karasu;Raven of the Inner Palace
Q1051427;Goshūshō-sama Ninomiya-kun;Goshūshō-sama Ninomiya-kun
Q1059747;Gundam Sentinel;Gundam Sentinel
Q1062998;Anexo:Novelas CSI;CSI
Q1067357;El elfo oscuro;The Dark Elf Trilogy
Q1068491;Tara Duncan;Tara Duncan
Q1072082;Vampire Hunter D;Vampire Hunter D
Q1083859;Saint Seiya Gigantomachia;Saint Seiya: Gigantomachia
Q1087664;Chrome Shelled Regios;Chrome Shelled Regios
Q1089186;Academia de Vampiros;Vampire Academy
Q110157755;Sasaki to Pī-chan;Sasaki and Peeps
Q110254736;Tsundere Akuyaku Reijō Rīzerotte to Jikkyō no Endō-kun to Kaisetsu no Kobayashi-san;Endo and Kobayashi Live! The Latest on Tsundere Villainess Lieselotte
Q110291441;Nihon e Yōkoso Elf-san.;Welcome to Japan, Ms. Elf!
Q110635478;Kami wa Game ni Ueteiru;Gods' Games We Play
Q110732263;Mushikaburi-hime;Bibliophile Princess
Q110735879;Saikyō Onmyōji no Isekai Tenseiki;The Reincarnation of the Strongest Exorcist in Another World
Q110941604;Kuro no Shōkanshi;Black Summoner
Q111019395;Nōmin Kanren no Skill Bakka Agetetara Nazeka Tsuyoku Natta;I've Somehow Gotten Stronger When I Improved My Farm-Related Skills
Q111317616;Make Heroine ga Ōsugiru!;Too Many Losing Heroines!
Q1092918;Leatherstocking Tales;Leatherstocking Tales
Q1093358;Crónicas del mundo emergido;Chronicles of the Emerged World trilogy
Q1105832;Maoyū Maō Yūsha;Maoyu
Q1111179;Las novelas de D'Artagnan;D'Artagnan Romances
Q1124453;La Trilogía Nikopol;The Nikopol Trilogy
Q1134354;Los Cinco;The Famous Five
Q1141213;El reino mágico de Landover;Magic Kingdom of Landover
Q1141789;Fate/Zero;Fate/Zero
Q1151115;Banner of the Stars;Banner of the Stars
Q1151546;Happiness!;Happiness!
Q1164801;La casa de la noche;House of Night
Q10279894;Oscuros;Fallen
Q10376289;Aubrey-Maturin;Aubrey-Maturin series
Q10855446;Hitsugi no Chaika;Hitsugi no Chaika
Q10864564;Los Siete Pecados Capitales;The Seven Deadly Sins Series
Q10865644;Rokujyōma no Shinryakusha!?;Invaders of the Rokujouma!?
Q11179499;black bullet;Black Bullet
Q11240494;Rail Wars! Nihon Kokuyū Tetsudō Kōantai;Rail Wars!
Q111633532;Nozomanu Fushi no Bōkensha;The Unwanted Undead Adventurer
Q111719479;Ōsama no Proposal;King's Proposal
Q111742404;Hyōken no Majutsushi ga Sekai wo Suberu;The Iceblade Sorcerer Shall Rule the World
Q111824791;Tensei Shitara Dai Nana Ōji Datta no de, Kimama ni Majutsu o Kiwamemasu;I Was Reincarnated as the 7th Prince so I Can Take My Time Perfecting My Magical Ability
Q111846496;Level 1 Dakedo Unique Skill de Saikyō Desu;My Unique Skill Makes Me OP Even at Level 1
Q111944809;Demon Lord 2099;Demon Lord 2099
Q112113345;Silent Witch: Chinmoku no Majo no Kakushigoto;Secrets of the Silent Witch
Q112323118;Yūsha Party wo Tsuihou Sareta Beast Tamer, Saikyōshu no Nekomimi Shōjo to Deau;Beast Tamer
Q113119099;Isekai de Mofumofu Nadenade Suru Tameni Ganbattemasu;Fluffy Paradise
Q113127675;Tensei Kizoku Kantei Sukiru de Nariagaru;As a Reincarnated Aristocrat, I'll Use My Appraisal Skill to Rise in the World
Q113159258;Yumemiru Danshi wa Genjitsushugisha;The Dreaming Boy Is a Realist
Q113162301;Kaiko Sareta Ankoku Heishi (30-Dai) no Slow na Second Life;Chillin' in My 30s After Getting Fired from the Demon King's Army
Q113196208;Rōgo ni Sonaete Isekai de 8-Man-Mai no Kinka o Tamemasu;Saving 80,000 Gold in Another World for My Retirement
Q113449842;Tensei Kizoku no Isekai Bōken Roku;Chronicles of an Aristocrat Reborn in Another World
Q113485967;Danjo no Yūjō wa Seiritsu Suru? (Iya, Shinai!!);Danjo no Yūjō wa Seiritsu Suru? (Iya, Shinai!!)
Q113549411;Potion-danomi de Ikinobimasu!;I Shall Survive Using Potions!
Q113557501;Isekai de Cheat Skill o Te ni Shita Ore wa, Genjitsu Sekai o mo Musōsuru - Level Up wa Jinsei o Kaeta;I Got a Cheat Skill in Another World and Became Unrivaled in the Real World, Too
Q113658474;Konyaku Haki Sareta Reijō wo Hirotta Ore ga, Ikenai Koto wo Oshiekomu;I'm Giving the Disgraced Noble Lady I Rescued a Crash Course in Naughtiness
Q113799939;Jitsu wa Ore, Saikyō deshita?;Am I Actually the Strongest?
Q113861379;Keiken Zumi na Kimi to, Keiken Zero na Ore ga, Otsukiai Suru Hanashi;You Were Experienced, I Was Not: Our Dating Story
Q114397576;Your Forma;Your Forma
Q11241578;Re:Monster;Re:Monster
Q11256093;Haruchika;HaruChika
Q114397595;La arquitectura final;The Final Architecture
Q114785520;Tsuyokute New Saga;New Saga
Q114895912;Bōshoku no Berserk;Berserk of Gluttony
Q114977399;Bōkesha ni Naritai;My Daughter Left the Nest and Returned an S-Rank Adventurer
Q115164715;Saijaku Teimā wa Gomi Hiroi no Tabi wo Hajimemashita.;The Weakest Tamer Began a Journey to Pick Up Trash
Q115496820;Yūsha-kei ni Shosu: Chōbatsu Yūsha 9004-tai Keimu Kiroku;Sentenced to Be a Hero
Q115534797;Sokushi Cheat ga Saikyō Sugite, Isekai no Yatsura ga Marude Aite ni Naranain Desu ga.;My Instant Death Ability Is So Overpowered
Q115824302;Lv2 kara Cheat datta Moto Yūsha Kōho no Mattari Isekai Life;Chillin' in Another World with Level 2 Super Cheat Powers
Q116278236;Isekai Mokushiroku Mynoghra;Apocalypse Bringer Mynoghra
Q116736463;Chikan Sare-sō ni Natteiru S-kyū Bishōjo wo Tasuketara Tonari no Seki no Osananajimidatta;The Girl I Saved on the Train Turned Out to Be My Childhood Friend
Q11256236;Shōshimin;Shōshimin Series
Q11268483;Saredo Tsumibito wa Ryū to Odoru;Saredo Tsumibito wa Ryū to Odoru: Dances with the Dragons
Q11268481;Saredo tsumibito wa ryū to odoru;Saredo Tsumibito wa Ryū to Odoru
Q11269081;Shabake;Shabake
Q11272884;Toaru Hikūshi e no Koiuta;The Pilot's Love Song
Q11282217;Eisen Flügel;Eisen Flügel
Q11284699;Absolute Duo;Absolute Duo
Q11293422;Overlord;Overlord
Q11299801;Clockwork Planet;Clockwork Planet
Q11301677;Gate: Jieitai Kano Chi nite, Kaku Tatakaeri;Gate
Q11302234;Cop Craft;Cop Craft
Q11304514;Sakurada Reset;Sagrada Reset
Q11307958;Sugar Apple Fairy Tale;Sugar Apple Fairy Tale
Q11325839;No Game No Life;No Game No Life
Q11327127;Hundred;Hundred
Q11386436;Ore, Twintail ni Narimasu.;Gonna be the Twin-Tail!!
Q11386437;"Ore ga Ojou-sama Gakkou ni ""Shomin Sample"" Toshite Rachirareta Ken";Shomin Sample
Q11392504;Rokka: Los Héroes de la flor de los seis pétalos;Rokka no Yūsha
Q11395269;Saenai Heroine no Sodatekata;Saekano
Q11446779;Suikoden Demon Century;Yōseiki Suikoden
Q11448208;Gakusen Toshi Asterisk;The Asterisk War
Q11458275;Tai-Madō Gakuen 35 Shiken Shōtai;Anti-Magic Academy: The 35th Test Platoon
Q11574256;Amagi Brilliant Park;Amagi Brilliant Park
Q11578842;Inō Battle wa Nichijō-kei no Naka de;When Supernatural Battles Became Commonplace
Q11604744;Seirei Tsukai no Bladedance;Bladedance of Elementalers
Q11610940;Seiken Tsukai no World Break;World Break: Aria of Curse for a Holy Swordsman
Q11616160;Okko y los fantasmas;Waka Okami wa Shōgakusei!
Q101231316;Hikari no Ō;The Fire Hunter
Q102036026;Eiyū-Ō, Bu o Kiwameru Tame Tensei-Su: Soshikite, no Minarai Kishi;Reborn to Master the Blade: From Hero-King to Extraordinary Squire
Q102131355;Unnamed Memory;Unnamed Memory
Q102245803;Otome Game Sekai wa Mob ni Kibishii Sekai desu;Trapped in a Dating Sim: The World of Otome Games is Tough for Mobs
Q103822236;Kyōkyoku Shinka Shita Full Dive RPG ga Genjitsu Yorimo Kuso-Ge Dattara;Full Dive: This Ultimate Next-Gen Full Dive RPG Is Even Shittier than Real Life!
Q104707659;Shangri-La Frontier;Shangri-La Frontier
Q105104596;Shinka no Mi: Shiranai Uchi ni Kachigumi Jinsei;The Fruit of Evolution
Q105163658;Shokei Shōjo no Virgin Road;The Executioner and Her Way of Life
Q105164595;Tensei Kenja no Isekai Life;My Isekai Life
Q105519361;Sekai Saikō no Ansatsusha, Isekai Kizoku ni Tensei Suru;The World's Finest Assassin Gets Reincarnated in a Different World as an Aristocrat
Q105627715;Leadale no Daichi nite;In the Land of Leadale
Q105730994;Omae Gotoki ga Maō ni Kateru to Omō na to Yūsha Party wo Tsuihō Sareta no de, Ōto de Kimama ni Kurashitai;Roll Over and Die
Q105778319;Shijō Saikyō no Daimaō, Murabito A ni Tensei Suru;The Greatest Demon Lord Is Reborn as a Typical Nobody
Q106103753;Rebuild World;Rebuild World
Q106126351;Liar Liar;Liar Liar
Q106126378;Ichioku-nen Button wo Rendashita Ore wa, Kizuitara Saikyou ni Natteita;I Kept Pressing the 100-Million Button and Came Out on Top
Q106126383;Jishō F-Rank no Oniisama ga Game de Hyōka sareru Gakuen no Chōten ni Kunrin suru Sō desu yo?;Jishō F-Rank no Oniisama ga Game de Hyōka sareru Gakuen no Chōten ni Kunrin suru Sō desu yo?
Q106316762;Seiken Gakuin no Makentsukai;The Demon Sword Master of Excalibur Academy
Q106351848;Watashi no Oshi wa Akuyaku Reijō;I'm in Love with the Villainess
Q106351869;Yūjin Kyara no Ore ga Motemakuru Wakenai Daro?;There's No Way a Side Character Like Me Could Be Popular, Right?
Q106575080;Okashi na Tensei;Sweet Reincarnation
Q108478846;Kijin Gentōshō;Sword of the Demon Hunter: Kijin Gentōshō
Q108581756;Shinmai Renkinjutsushi no Tenpo Keiei;Management of Novice Alchemist
Q108671386;Eiyū Kyōshitsu;Classroom for Heroes
Q108686822;Magic Explorer;Magical Explorer
Q108808077;Class no Daikirai na Joshi to Kekkon Suru Koto ni Natta.;I Got Married to the Girl I Hate Most in Class
Q108907301;Akuyaku Reijō Nano de Last Boss wo Katte Mimashita;I'm the Villainess, So I'm Taming the Final Boss
Q109018471;Yūsha, Yamemasu;I'm Quitting Heroing
Q106955945;Hitoribotchi no Isekai Kōryaku;Loner Life in Another World
Q107012119;Loop 7-kaime no Akuyaku Reijō wa, Moto Tekikoku de Jiyū Kimama na Hanayome Seikatsu wo Mankitsu Suru;7th Time Loop
Q107110728;Guild no Uketsuke Jō Desu ga, Zangyō wa Iyananode Boss o Solo Tōbatsu Shiyō to Omoimasu;I May Be a Guild Receptionist, But I'll Solo Any Boss to Clock Out on Time
Q107122248;VTuber nanda ga Haishin Kiriwasuretara Densetsu ni Natteta;VTuber Legend
Q107122312;Tokidoki Bosotto Russia-go de Dereru Tonari no Aalya-san;Alya Sometimes Hides Her Feelings in Russian
Q107144753;Between Earth and Sky (serie de novelas);Between Earth and Sky
Q107377422;Thrawn Ascendancy;Thrawn Ascendancy
Q107402130;Wortenia Senki;Record of Wortenia War
Q107524719;Maō no Ore ga Dorei Elf wo Yome ni Shitanda ga, Dō Medereba ī?;An Archdemon's Dilemma: How to Love Your Elf Bride
Q108106327;Ningen Fushin no Bōkensha-tachi ga Sekai o Sukū Yō Desu;Apparently, Disillusioned Adventurers Will Save the World
Q119534;Shakugan no Shana;Shakugan no Shana
Q128338;Trinity Blood;Trinity Blood
Q129240;La materia oscura;His Dark Materials
Q19319226;Crónicas del Silo;Silo
Q117219754;Akuyaku Reijō Level 99: Watashi wa Ura-Boss desu ga Maō de wa Arimasen;Villainess Level 99
Q117354419;Shinmai Ossan Bōkensha, Saikyō Party ni Shinu Hodo Kitaerarete Muteki ni Naru;The Ossan Newbie Adventurer
Q117894818;Yarinaoshi Reijō wa Ryūtei Heika o Kōryaku-chū;The Do-Over Damsel Conquers the Dragon Emperor
Q119786136;Dekisokonai to Yobareta Moto Eiyū wa, Jikka kara Tsuihōsareta node Suki Katte ni Ikiru Koto ni Shita;The Banished Former Hero Lives as He Pleases
Q120336457;Ore wa Seikan Kokka no Akutoku Ryōshu!;I'm the Evil Lord of an Intergalactic Empire!
Q120336477;Shibō Yūgi de Meshi o Kuu;Playing Death Games to Put Food on the Table
Q120402098;Henjin no Salad Bowl;A Salad Bowl of Eccentrics
Q120412518;"Saikyō no Shienshoku ""Wajutsushi"" dearu Ore wa Sekai Saikyō Clan o Shitagaeru";"The Most Notorious ""Talker"" Runs the World's Greatest Clan"
Q120668515;Koi wa Futago de Warikirenai;Love Is Indivisible by Twins
Q121323774;Rekishi ni Nokoru Akujo ni Naru zo;I'll Become a Villainess Who Goes Down in History
Q122421409;Katainaka no Ossan, Kensei ni Naru: Tada no Inaka no Kenjutsu Shihan Datta noni, Taisei Shita Deshitachi ga Ore o Hōttekurenai Ken;From Old Country Bumpkin to Master Swordsman
Q122940808;Saikyō Tank no Meikyū Kōryaku;The Strongest Tank's Labyrinth Raids
Q123054289;Aru Majo ga Shinu Made;Once Upon a Witch's Death
Q123272327;Kisaki Kyōiku kara Nigetai Watashi;I Want to Escape from Princess Lessons
Q123285137;"Ore wa Subete o ""Parry"" Suru: Gyaku Kanchigai no Sekai Saikyō wa Bōken-sha ni Naritai";I Parry Everything
Q123532160;Nageki no Bōrei wa Intai Shitai;Let This Grieving Soul Retire!
Q123555314;"Meitō ""Isekai no Yu"" Kaitaku-ki";Isekai Onsen Paradise
Q123584709;Isekai Yururi Kikō;A Journey Through Another World
Q124031069;Mob kara Hajimaru Tansaku Eiyūtan;A Nobody's Way Up to an Exploration Hero
Q124323656;Maō-gun Saikyō no Majutsushi wa Ningen Datta;The Strongest Magician in the Demon Lord's Army Was a Human
Q124324014;Botsuraku Yotei no Kizoku dakedo, Hima datta kara Mahō wo Kiwamete Mita;I'm a Noble on the Brink of Ruin, So I Might as Well Try Mastering Magic
Q124338944;Omniscient Reader's Viewpoint;Omniscient Reader's Viewpoint
Q130438;The 39 Clues;The 39 Clues
Q180482;Seitokai no Ichizon;Seitokai no Ichizon
Q182099;Xanth;Xanth
Q182548;Date A Live;Date A Live
Q184352;Ore no Kanojo to Osananajimi ga Shuraba Sugiru;Oreshura
Q184667;Si su bandera se rompe;If Her Flag Breaks
Q185012;Mondaiji-tachi ga Isekai Kara Kuru Sō Desu yo?;Problem Children Are Coming from Another World, Aren't They?
Q186314;El pequeño vampiro;The Little Vampire
Q187976;Zero no Tsukaima;The Familiar of Zero
Q1167968;Añoranzas y pesares;Memory, Sorrow, and Thorn
Q124357852;Party kara Tsuihō Sareta Sono Chiyushi, Jitsu wa Saikyō ni Tsuki;The Healer Who Was Banished From His Party, Is, in Fact, the Strongest
Q124798575;Isshun de Chiryō Shiteita no ni Yakutatazu to Tsuihō Sareta Tensai Chiyushi, Yami Healer to Shite Tanoshiku Ikiru;The Brilliant Healer's New Life in the Shadows
Q124852922;Sayonara Ryūsei, Konnichiwa Jinsei;Goodbye, Dragon Life
Q125029807;Teogonia;Teogonia
Q125246055;Yasei no Last Boss ga Arawareta!;A Wild Last Boss Appeared!
Q125565190;Watashi no Hatsukoi wa Hazukashisugite Dare ni mo Ienai;Watashi no Hatsukoi wa Hazukashisugite Dare ni mo Ienai
Q125857116;Izure Saikyō no Renkinjutsu-shi?;Possibly the Greatest Alchemist of All Time
Q126375425;"Hazure Skill ""Kinomi Master""";"Bogus Skill ""Fruitmaster"""
Q126904684;Fugūshoku (Kanteishi) ga Jitsu wa Saikyō Datta;"Even Given the Worthless ""Appraiser"" Class, I'm Actually the Strongest"
Q127327648;Magic Maker ~Isekai Mahō no Tsukurikata~;Magic Maker
Q128037632;Zutaboro Reijō wa Ane no Moto Konyakusha ni Dekiai Sareru;Betrothed to My Sister's Ex
Q128758403;Tsuihō Sareta Tensei Jū Kishi wa Game Chishiki de Musō Suru;The Exiled Heavy Knight Knows How to Game the System
Q129149843;Arafō Otoko no Isekai Tsūhan;The Daily Life of a Middle-Aged Online Shopper in Another World
Q1179447;Tetralogía;Tetralogy
Q1191206;Maburaho;Maburaho
Q1193072;Sekaiichi Hatsukoi;Sekai-ichi Hatsukoi
Q1193200;Shiki;Shiki
Q1195086;Camelot;The Once and Future King
Q1195326;Log Horizon;Log Horizon
Q129300023;Nazotoki wa Dinner no Ato de;The Dinner Table Detective
Q130234754;A-Rank Party o Ridatsu Shita Ore wa, Moto Oshiego-tachi to Meikyū Shinbu o Mezasu.;I Left My A-Rank Party to Help My Former Students Reach the Dungeon Depths!
Q130270241;Romelia Senki;Romelia Senki
Q130297478;Mizuzokusei no Mahōtsukai;The Water Magician
Q130305467;Saigo ni Hitotsu dake Onegai shitemo Yoroshii deshō ka;May I Ask for One Final Thing?
Q130341962;Kanpeki Sugite Kawaigeganai to Konyaku Haki Sareta Seijo wa Ringoku ni Urareru;The Too-Perfect Saint
Q130357996;Gorilla no Kami Kara Kago Sareta Reijō wa Ōritsu Kishidan de Kawaiigareru;Gorilla no Kami Kara Kago Sareta Reijō wa Ōritsu Kishidan de Kawaiigareru
Q130471996;The Beginning After the End;The Beginning After the End
Q130553561;Kanchigai no Atelier Meister;The Unaware Atelier Master
Q130581146;Blade & Bastard;Blade & Bastard
Q130600178;Akujiki Reijō to Kyōketsu Kōshaku;Pass the Monster Meat, Milady!
Q130748785;Isekai no Sata wa Shachiku Shidai;The Other World's Books Depend on the Bean Counter
Q1196089;Ulysses Moore;Ulysses Moore
Q1196627;Koizora;Koizora
Q1198151;Preludio a Dune;Prelude to Dune
Q1198588;Odisea espacial;Space Odyssey
Q1200024;No. 6;No. 6
Q1208412;Temerario;Temeraire
Q1210223;Ladies versus Butlers!;Ladies versus Butlers!
Q1211840;Los libros de la magia;The Books of Magic
Q1211900;Las crónicas de Prydain;The Chronicles of Prydain
Q1213040;Crónicas del mago negro;The Black Magician Trilogy
Q1213577;Los cantos de Hyperion;Hyperion Cantos
Q1214341;Ga'Hoole: la leyenda de los guardianes;Guardians of Ga'Hoole
Q1276821;Los héroes del Olimpo;The Heroes of Olympus
Q1309526;Macademi Wasshoi!;Magician's Academy
Q1316315;Inukami!;Inukami!
Q1333063;Crest of the Stars;Crest of the Stars
Q1345379;Kami-sama no Memo-chō;Heaven's Memo Pad
Q1347842;Psychic Detective Yakumo;Psychic Detective Yakumo
Q1367069;Hyakka Ryōran Samurai Girls;Hyakka Ryōran
Q1408715;Pellucidar;Pellucidar
Q1413399;Tytania;Tytania
Q1434404;Mundo del Río;Riverworld
Q1439330;Fantasmas de Gaunt;Gaunt's Ghosts
Q1460253;Trilogía Illuminatus!;The Illuminatus! Trilogy
Q1498450;Serie Misterio;The Five Find-Outers
Q1501254;Serie marciana;Barsoom
Q1518080;Fingerling;Pinkeltje
Q1531632;Lark Rise to Candleford;Lark Rise to Candleford
Q1555385;Trilogía de Thrawn;Thrawn trilogy
Q1563466;Trixie Belden;Trixie Belden
Q1564644;Serie de la Fundación;Foundation series
Q1616715;Kika Superbruja;Lilli the Witch
Q1617849;High School DxD;High School DxD
Q1708452;La trilogía Josephus;The Josephus Trilogy
Q1735824;The Weathering Continent;The Weathering Continent
Q1768890;The Princess Diaries;The Princess Diaries
Q1780164;Poldark;The Poldark Novels
Q1782122;M*A*S*H;M*A*S*H novels
Q1793032;Kure-nai;Kure-nai
Q1837327;Jinrui wa Suitai Shimashita;Jinrui wa Suitai Shimashita
Q1856030;Crónicas de Thomas Covenant, el Incrédulo;The Chronicles of Thomas Covenant
Q1914251;Maximum Ride;Maximum Ride
Q1921891;La Reina de la Laguna;Dark Reflections trilogy
Q11673809;Mahō Shōjo Ikusei Keikaku;Magical Girl Raising Project
Q11673812;Mahou Sensou;Magical Warfare
Q11679182;Ryūgajō Nanana no Maizōkin;Nanana's Buried Treasure
Q12857071;novelas de Sherlock Holmes;Sherlock Holmes novels
Q13220016;Outbreak Company;Outbreak Company
Q15139083;Las crónicas lunares;The Lunar Chronicles
Q15262674;Detective Esqueleto;Skulduggery Pleasant
Q15912080;Shinmai Maō no Testament;Shinmai Maō no Testament
Q15964658;Southern Reach;Southern Reach Series
Q16254355;Trilogía Insignia;Insignia
Q16257353;Jinsei;Jinsei
Q16325203;Mi lucha;My Struggle
Q16514101;Divergente;Divergent
Q16547557;Los 100;The 100
Q16617718;trilogía Leviathan;Leviathan trilogy
Q16652803;Trilogía berlinesa;Berlin Noir trilogy
Q16671552;Puck;Puck
Q16800824;Lance N' Masques;Lance N' Masques
Q16862645;Shannara;The Sword of Shannara Trilogy
Q17013721;Nejimaki Seirei Senki: Tenkyō no Alderamin;Alderamin on the Sky
Q17066197;The Reckoners;The Reckoners
Q17191388;Adachi to Shimamura;Adachi to Shimamura
Q17213681;Shimoneta to Iu Gainen ga Sonzai Shinai Taikutsu na Sekai;Shimoneta
Q17214390;Unlimited Fafnir;Unlimited Fafnir
Q17218338;Tenshi no 3P!;Tenshi no 3P!
Q17225246;Sakurako-san no Ashimoto ni wa Shitai ga Umatteiru;Beautiful Bones: Sakurako's Investigation
Q17229135;Dungeon ni Deai wo Motomeru no wa Machigatteiru Darou ka?;Is It Wrong to Try to Pick Up Girls in a Dungeon?
Q17352108;Kūsen Madōshi Kōhosei no Kyōkan;Sky Wizards Academy
Q17502190;Seishun Buta Yarō;Rascal Does Not Dream
Q17556362;Absolute Solitude;The Isolator
Q18003139;Imperial Radch;Imperial Radch
Q18153036;Saga Forastera;Outlander series
Q18351554;Magnus Chase y los dioses de Asgard;Magnus Chase and the Gods of Asgard
Q18380271;Trilogía del siglo;The Century Trilogy
Q18393324;Rakudai Kishi no Cavalry;Chivalry of a Failed Knight
Q18417290;Cormoran Strike;Cormoran Strike
Q196214;Kore wa Zombie Desu ka?;Is This a Zombie?
Q199073;Tokyo Ravens;Tokyo Ravens
Q213167;Percy Jackson y los dioses del Olimpo;Percy Jackson & the Olympians
Q213841;Una serie de eventos desafortunados;A Series of Unfortunate Events
Q23001639;Trilogía de Star Wars: Aftermath;Aftermath Trilogy
Q23092030;Roku de Nashi Majutsu Kōshi to Akashic Records;Akashic Records of Bastard Magical Instructor
Q23309230;"Occultic;Nine";"Occultic;Nine"
Q24037335;Yōjo Senki;Saga of Tanya the Evil
Q24063995;Imōto Sae Ireba Ii.;A Sister's All You Need
Q24211279;Goblin Slayer;Goblin Slayer
Q217982;Yahari Ore no Seishun Love Come wa Machigatteiru.;My Youth Romantic Comedy Is Wrong, As I Expected
Q226079;The Vampire Diaries;The Vampire Diaries
Q24247018;Isekai Cheat Magician;Isekai Cheat Magician
Q24686347;El portal de los elfos;The Faerie Wars Chronicles
Q24835550;Arifureta Shokugyō de Sekai Saikyō;Arifureta
Q24837030;En Otro Mundo con Mi Smartphone;In Another World With My Smartphone
Q24840744;Hyakuren no Haō to Seiyaku no Valkyria;The Master of Ragnarok & Blesser of Einherjar
Q24868819;Ryūō no Oshigoto!;Ryūō no Oshigoto!
Q24874162;Yōkoso Jitsuryoku Shijō Shugi no Kyōshitsu e;Classroom of the Elite
Q241416;Majipur;Majipoor series
Q268100;Nacidos de la bruma;Mistborn
Q277021;To Aru Majutsu no Index;A Certain Magical Index
Q280898;La Torre Oscura;The Dark Tower
Q24876879;Kōshaku Reijō no Tashinami;Accomplishments of the Duke's Daughter
Q24887029;Lord El-Melloi II Case Files;Lord El-Melloi II Case Files
Q24969225;Erlendur Sveinsson;Detective Erlendur series
Q25348581;The Raven Boys: La profecía del cuervo;The Raven Cycle
Q25352561;Las pruebas de Apolo;The Trials of Apollo
Q26953892;Ecstas Online;Ecstas Online
Q26978736;Knight's & Magic;Knight's & Magic
Q27536990;Grancrest Senki;Record of Grancrest War
Q27731433;Gamers!;Gamers!
Q282181;José y sus hermanos;Joseph and His Brothers
Q302647;Chūnibyō Demo Koi ga Shitai!;Love, Chunibyo & Other Delusions
Q304061;Kyō Kara Maō!;Kyo Kara Maoh!
Q306886;Abby Lynn;Abby Lynn
Q1978911;Crónicas de Gor;Gor
Q28146831;Kabukibu!;Kabukibu!
Q28417677;Isekai Shokudō;Restaurant to Another World
Q28418358;Seirei Gensōki;Seirei Gensouki: Spirit Chronicles
Q28684800;Assassin's Pride;Assassin's Pride
Q28685616;Tsuki ga Michibiku Isekai Dōchū;Tsukimichi: Moonlit Fantasy
Q28685904;Bishōnen Tanteidan;Pretty Boy Detective Club
Q28686968;Infinite Dendrogram;Infinite Dendrogram
Q1998865;Shannara;Shannara
Q2008180;OSS 117;OSS 117
Q2027821;El Bastón Rúnico;The History of the Runestaff
Q2043139;Claus y Lucas;The Notebook, The Proof, The Third Lie: Three Novels
Q2043642;Seikoku no Dragonar;Dragonar Academy
Q2070438;Trilogía cósmica;The Space Trilogy
Q2077001;Strait Jacket;Strait Jacket
Q2165270;Los Siete Secretos;The Secret Seven
Q28687721;Tondemo Sukiru de Isekai Hōrō Meshi;Campfire Cooking in Another World with My Absurd Skill
Q28691664;Risō no Himo Seikatsu;The Ideal Sponger Life
Q28691772;Uchi no Ko no Tame naraba, Ore wa Moshikashitara Maou mo Taoseru kamo Shirenai;If It's for My Daughter, I'd Even Defeat a Demon Lord
Q28733642;Saga Caronte;Caronte Saga
Q28860855;Gaikotsu Kishi-sama, Tadaima Isekai e Odekakechuu;Skeleton Knight in Another World
Q29841269;El recuerdo del pasado de la Tierra;Remembrance of Earth's Past
Q30240458;Kokuhaku Jikkō Iinkai ~ Ren'ai Series~;Kokuhaku Jikkō Iinkai ~Ren'ai Series~
Q30754211;Trilogie fasciste;Trilogie fasciste
Q2165581;Leyendas de los Otori;Tales of the Otori
Q2251108;Las brujas de Mayfair;Lives of the Mayfair Witches
Q2287605;Crónicas de Belgarath;The Belgariad
Q2296691;Ghost Hunt;Ghost Hunt
Q2308684;Rental Magica;Rental Magica
Q2364144;tetralogía de las Cruzadas;Crusades tetralogy
Q2387958;El valle del viento helado;The Icewind Dale Trilogy
Q30915865;Agatha Mistery;Agatha Mistery
Q30922766;Undead Girl Murder Farce;Undead Girl Murder Farce
Q30923026;Seijo no Maryoku wa Bannō Desu;The Saint's Magic Power is Omnipotent
Q30927067;Majo no Tabitabi;Wandering Witch: The Journey of Elaina
Q30927916;Kumo Desu ga, Nani ka?;So I'm a Spider, So What?
Q30931897;Tsuujou Kougeki ga Zentai Kougeki de Ni-kai Kougeki no Okaasan wa Suki Desu ka;Do You Love Your Mom and Her Two-Hit Multi-Target Attacks?
Q30932446;Monster Musume no Oisha-san;Monster Girl Doctor
Q30936400;Saihate no Paladin;The Faraway Paladin
Q30937386;Isekai Yakkyoku;Parallel World Pharmacy
Q30942824;86: Eighty-Six;86
Q30944996;Toaru Ossan no VRMMO Katsudōki;A Playthrough of a Certain Dude's VRMMO Life
Q2421857;Teito Monogatari;Teito Monogatari
Q2453911;Arslan Senki;The Heroic Legend of Arslan
Q2498954;La ambición de Oda Nobuna;The Ambition of Oda Nobuna
Q2516759;Las crónicas de Kane;The Kane Chronicles
Q2517580;Berserker;Berserker
Q2528710;Pequeñas mentirosas;Pretty Little Liars
Q2529037;The Secret Circle;The Secret Circle
Q2560242;Katanagatari;Katanagatari
Q2564920;Denpa teki na Kanojo;Denpa teki na Kanojo
Q2584248;Akikan!;Akikan!
Q2599462;La crucifixión rosa;The Rosy Crucifixion
Q2605967;Mobile Suit Gundam Unicorn;Mobile Suit Gundam Unicorn
Q2610590;Trilogía del Sprawl;Sprawl trilogy
Q2616285;R-15;R-15
Q2626017;Hagure Yūsha no Estetica;Aesthetica of a Rogue Hero
Q2626354;Dakara Boku wa;So, I Can't Play H?
Q2647018;Cazadores de Sombras: Los orígenes;The Infernal Devices
Q2699024;El legado;The Inheritance Cycle
Q2704432;Night World;Night World
Q2740077;Heliconia;Helliconia
Q2743377;El cuarteto de Alejandría;The Alexandria Quartet
Q2779934;Verano en vaqueros;The Sisterhood of the Traveling Pants
Q2812231;Fate/Apocrypha;Fate/Apocrypha
Q2818900;A.N.G.E.;A.N.G.E.
Q2855268;GJ-bu;GJ Club
Q2886835;Basil of Baker Street;Basil of Baker Street
Q2976655;Episodios nacionales;Episodios Nacionales
Q2977205;Itsuka Tenma no Kuro Usagi;A Dark Rabbit Has Seven Lives
Q3008300;saga de Mundo Anillo;Ringworld series
Q3008311;Saga del retorno;Homecoming Saga
Q3008317;novelas de Deryni;Deryni novels
Q3008321;Alvin Maker;The Tales of Alvin Maker
Q3025689;Misterios romanos;The Roman Mysteries
Q3042448;Elenium;The Elenium
Q3066659;Fantômette;Fantômette
Q3093847;Hermana Fidelma;Sister Fidelma mysteries
Q19356851;La edad de oro;The Golden Oecumene
Q19610143;The Expanse;The Expanse
Q19750843;Kono Subarashii Sekai ni Shukufuku o!;KonoSuba
Q19840456;Mushoku Tensei;Mushoku Tensei
Q19840638;Tate no Yūsha no Nariagari;The Rising of the Shield Hero
Q19887596;Saijaku Muhai no Bahamut;Undefeated Bahamut Chronicle
Q19892370;Cazadores de Sombras: Renacimiento;The Dark Artifices
Q19947301;After;After
Q20043880;Girly Air Force;Girly Air Force
Q20044893;Shūmatsu Nani Shitemasu ka? Isogashii Desu ka? Sukutte Moratte Ii Desu ka?;WorldEnd
Q20655440;El Padrino;The Godfather
Q20718351;Re:Zero kara Hajimeru Isekai Seikatsu;Re:Zero
Q20771067;Netoge no Yome wa Onna no Ko Janai to Omotta?;And You Thought There Is Never a Girl Online?
Q20856118;Musaigen no Phantom World;Myriad Colors Phantom World
Q20899148;Trilogía de la Fundación;Foundation Trilogy
Q21015132;Ameku Takao no Suiri Karte;Ameku Takao's Detective Karte
Q21015198;Eromanga Sensei;Eromanga Sensei
Q21015420;Sekai no Owari no Encore;Sekai no Owari no Encore
Q21015425;Zero kara Hajimeru Mahō no Sho;Zero kara Hajimeru Mahō no Sho
Q21015467;Death March Kara Hajimaru Isekai Kyōsōkyoku;Death March to the Parallel World Rhapsody
Q21015835;Masō Gakuen H x H;Hybrid x Heart Magias Academy Ataraxia
Q21127628;Hai to Gensou no Grimgar;Grimgar of Fantasy and Ash
Q21160018;Attack on Titan: Before the Fall;Attack on Titan: Before the Fall
Q21658012;Historiadores de Oxford;Oxford time-traveling historians
Q21716381;Trilogía de la Oscuridad;The Strain Trilogy
Q21787535;Wayfarer Redemption;The Wayfarer Redemption
Q22100530;Tensei Shitara Slime Datta Ken;That Time I Got Reincarnated as a Slime
Q22101190;Violet Evergarden;Violet Evergarden
Q22101539;Hachinan tte, Sore wa Nai Deshō!;The 8th Son? Are You Kidding Me?
Q22124688;Hatena Illusion;Hatena Illusion
Q22126011;The New Gate;The New Gate
Q22130305;Honzuki no Gekokujō;Ascendance of a Bookworm
Q22131352;Mawazaka no Kenshi to Shōkan Maō;Magika no Kenshi to Basileus
Q22981812;Dos amigas;Neapolitan Novels
Q319083;Serie Aventura;The Adventure Series
Q321382;Pakto Secreto;TKKG
Q325283;Artemis Fowl;Artemis Fowl
Q363967;Las Gallinas Locas;Wild Chicks
Q368608;Campione!;Campione!
Q385161;Ōkami-san to Shichinin no Nakama-tachi;Okami-san and Her Seven Companions
Q4769579;Anno Dracula;Anno Dracula series
Q4773554;Monogatari;Monogatari
Q4817801;Las crónicas subterráneas;The Underland Chronicles
Q4861172;Daomu Biji;Daomu Biji
Q4927976;Bloodlines;Bloodlines
Q5116324;Chung Kuo;Chung Kuo
Q5121480;Círculo Mágico;Circle of Magic
Q5173423;Coruscant Nights;Coruscant Nights
Q5193682;La Cultura;Culture series
Q5231211;Kami-sama no Inai Nichiyōbi;Sunday Without God
Q385228;Spice and Wolf;Spice and Wolf
Q388190;Legados de Lorien;Lorien Legacies
Q389970;Trilogía polaca;The Trilogy
Q420892;Gosick;Gosick
Q456242;Serie de Venus;Amtor
Q458982;Malaz: El Libro de los Caídos;Malazan Book of the Fallen
Q478151;Cazadores de Sombras;The Mortal Instruments
Q482466;Maria-sama ga Miteru;Maria-sama ga Miteru
Q482478;Full Metal Panic!;Full Metal Panic!
Q5254876;Deltora Quest 1;Deltora Quest octology
Q5298035;Diario de Nikki;Dork Diaries
Q5325258;Águila;Eagle
Q5337285;rdg;Red Data Girl
Q5356268;Nō-Rin;No-Rin
Q5357270;Mahōka Kōkō no Rettōsei;The Irregular at Magic High School
Q5400672;Little House on the Prairie (libro);Little House on the Prairie
Q5476116;Los vampiros de Morganville;The Morganville Vampires
Q482500;Bokusatsu Tenshi Dokuro-chan;Bludgeoning Angel Dokuro-Chan
Q482551;Kämpfer;Kämpfer
Q482802;IS (Infinite Stratos);Infinite Stratos
Q482870;Boku wa Tomodachi ga Sukunai;Boku wa Tomodachi ga Sukunai
Q483103;Nogizaka Haruka no Himitsu;Haruka Nogizaka's Secret
Q483150;Toradora!;Toradora!
Q483263;Baka to Test to Shōkanjū;Baka to Test to Shōkanjū
Q483375;Seiken no Blacksmith;The Sacred Blacksmith
Q5476169;El cuarto reino;Fourth Realm trilogy
Q5529394;Gdleen;Gdleen
Q5530710;El círculo secreto;Gemma Doyle Trilogy
Q30950646;Kenja no Mago;Wise Man's Grandchild
Q33240823;Espada Negra;Espada Negra
Q38276065;Chōjin-Kōkōseitachi wa Isekai demo Yoyu de Ikinuku Yōdesu!;High School Prodigies Have It Easy Even In Another World
Q40888966;Shichisei no Subaru;Seven Senses of the Re'Union
Q41497704;Genjitsushugi Yūsha no Ōkoku Saikenki;How a Realist Hero Rebuilt the Kingdom
Q42298146;Ore ga Suki nano wa Imōto dakedo Imōto ja nai;My Sister, My Writer
Q42365235;Tsurune;Tsurune
Q483412;Las Crónicas de Narnia;The Chronicles of Narnia
Q483419;Kamisama Kazoku;Kamisama Kazoku
Q42890750;Hakata Tonkotsu Ramens;Hakata Tonkotsu Ramens
Q43400694;John Cleaver;John Cleaver
Q44196401;Los expedientes de La Lavandería;The Laundry Files
Q46996408;Kakuriyo no Yadomeshi;Kakuriyo no Yadomeshi
Q46999870;Kuma Kuma Kuma Bear;Kuma Kuma Kuma Bear
Q48472924;Isekai Maou to Shoukan Shoujo no Dorei Majutsu;How Not to Summon a Demon Lord
Q48734645;Sword Art Online Alternative Gun Gale Online;Sword Art Online Alternative Gun Gale Online
Q48745388;Ore wo Suki Nano wa Omae Dake ka yo;Oresuki
Q48749435;Super Cub;Super Cub
Q483535;Ore no Imōto ga Konna ni Kawaii Wake ga Nai;Ore no Imōto ga Konna ni Kawaii Wake ga Nai
Q483566;Bibliotheca Mystica de Dantalian;Dantalian no Shoka
Q483568;Hidan no Aria;Aria the Scarlet Ammo
Q483585;Denpa Onna to Seishun Otoko;Denpa Onna to Seishun Otoko
Q483724;MM!;MM!
Q484251;Wagaya no oinari-sama;Wagaya no Oinari-sama.
Q48751907;Kusuriya no Hitorigoto;The Apothecary Diaries
Q48758953;Tatoeba Last Dungeon Mae no Mura no Shōnen ga Joban no Machi de Kurasu Yō na Monogatari;Suppose a Kid From the Last Dungeon Boonies Moved to a Starter Town
Q48937608;Kyou kara Ore wa Loli no Himo!;Kyō kara Ore wa Loli no Himo!
Q48938269;Jaku-Chara Tomozaki-kun;Bottom-tier Character Tomozaki
Q48965707;Ulysses: Jeanne d'Arc to Renkin no Kishi;Ulysses: Jeanne d'Arc to Renkin no Kishi
Q50211367;Watashi, Nōryoku wa Heikinchi de tte Itta yo ne!;Didn't I Say to Make My Abilities Average in the Next Life?!
Q50658532;Kimi to Boku no Saigo no Senjō, Arui wa Sekai ga Hajimaru Seisen;Our Last Crusade or the Rise of a New World
Q51844551;La Tierra Fragmentada;The Broken Earth
Q484435;C³;C³
Q484515;Dragon Crisis!;Dragon Crisis!
Q484518;Densetsu no Yūsha no Densetsu;Densetsu no Yūsha no Densetsu
Q484579;Baccano!;Baccano!
Q485111;Iriya no Sora, UFO no Natsu;Iriya no Sora, UFO no Natsu
Q52555314;Babylon;Babylon
Q55522655;Tsuki to Laika to Nosferatu;Irina: The Vampire Cosmonaut
Q55529636;Slime Taoshite 300-nen, Shiranai Uchi ni Level Max ni Nattemashita;I've Been Killing Slimes for 300 Years and Maxed Out My Level
Q55530425;Tensei Shitara Ken Deshita;Reincarnated as a Sword
Q55530639;Kaifuku Jutsushi no Yarinaoshi;Redo of Healer
Q485482;Watashitachi no Tamura-kun;Watashitachi no Tamura-kun
Q485753;Mayoi Neko Overrun!;Mayoi Neko Overrun!
Q485936;Mayo Chiki!;Mayo Chiki!
Q485958;Ro-Kyu-Bu!;Ro-Kyu-Bu!
Q485982;Papa no Iukoto o Kikinasai!;Papa no Iu Koto o Kikinasai!
Q486667;Kyōran Kazoku Nikki;Kyōran Kazoku Nikki
Q486793;Bungaku Shōjo;Book Girl
Q488184;Read or Die;Read or Die
Q488438;Kokoro Connect;Kokoro Connect
Q488467;Ben-To;Ben-To
Q489409;Allison;Allison
Q489654;Hanbun no Tsuki ga Noboru Sora;Hanbun no Tsuki ga Noboru Sora
Q491823;Onii-chan dakedo Ai sae Areba Kankeinai yo ne!;Oniichan dakedo Ai sae Areba Kankeinai yo ne!
Q491841;Kono Naka ni Hitori, Imōto ga Iru!;Nakaimo – My Sister Is Among Them!
Q492371;“B.A.D.”Beyond Another Darkness;B.A.D.
Q492378;Madan no Ou to Vanadis;Lord Marksman and Vanadis
Q492798;Heavy Object;Heavy Object
Q492884;Hentai Ōji to Warawanai Neko.;"The ""Hentai"" Prince and the Stony Cat."
Q493220;Owari no Chronicle;The Ending Chronicle
Q493327;Machine Doll wa Kizutsukanai;Unbreakable Machine-Doll
Q494932;Kanokon;Kanokon
Q495094;Durarara!!;Durarara!!
Q495441;Los viajes de Kino;Kino's Journey
Q495450;Ichiban Ushiro no Dai Maō;Demon King Daimao
Q495472;Kara no Kyōkai;The Garden of Sinners
Q495524;Shinigami no Ballad;Ballad of a Shinigami
Q498992;Suzumiya Haruhi no Yūutsu;Haruhi Suzumiya
Q553827;Kyōkai Senjō no Horizon;Horizon in the Middle of Nowhere
Q3108443;Los Pardaillan;The Pardaillan
Q3108867;El club de las canguro;The Baby-Sitters Club
Q3121563;Memorias de Idhún;The Idhún's Memories
Q3211469;Yūsha ni Narenakatta Ore wa Shibushibu Shūshoku o Ketsui Shimashita.;I Couldn’t Become a Hero, So I Reluctantly Decided to Get a Job.
Q3212662;Hush, Hush;Hush
Q3213318;Trilogía del Guardián;The Caretaker Trilogy
Q3220956;Cazadores Oscuros;Dark-Hunter
Q3225913;Príncipe de Nada;Prince of Nothing
Q3234381;Vampiratas;Vampirates
Q3247891;Los guardianes del tiempo;Guardians of Time Trilogy
Q3257270;Mundodisco;Discworld
Q3267787;Tatakau Shisho;Tatakau Shisho
Q3269840;El libro del sol nuevo;The Book of the New Sun
Q3343579;Norte y Sur;North and South triology
Q3391085;Inu to Hasami wa Tsukaiyō;Dog & Scissors
Q3423856;Reine de Mémoire;Reine de Mémoire
Q3468347;The Worst Witch;The Worst Witch
Q3552784;The Empty Box and Zeroth Maria;The Empty Box and Zeroth Maria
Q3562203;The Asian Saga;The Asian Saga
Q3635508;Bas-Lag;Bas-Lag trilogy
Q3731389;La herejía de Horus;Horus Heresy
Q3736125;Under the North Star;Under the North Star
Q3780520;La rosa del profeta;Rose of the Prophet trilogy
Q3822522;La génesis de Shannara;The Genesis of Shannara trilogy
Q3874571;Nemesis;Nemesis
Q3940472;Roma Sub Rosa;Roma Sub Rosa
Q3991418;La Máquina del Tiempo;Time Machine
Q3998819;Trilogía de la frontera;The Border Trilogy
Q4039564;Golden Time;Golden Time
Q4069404;Arkady Renko;Arkady Renko octology
Q4122574;La Guerra de la Reina Araña;War of the Spider Queen
Q4404357;La leyenda de Drizzt;The Legend of Drizzt
Q4662725;Sasami-san@Ganbaranai;Sasami-san@Ganbaranai
Q4742290;serie Amelia Peabody;Amelia Peabody series
Q11679;Los juegos del hambre;The Hunger Games
Q15228;El Señor de los Anillos;The Lord of the Rings
Q57083532;Chiyu Mahō no Machigatta Tsukai-kata;The Wrong Way to Use Healing Magic
Q59503724;Itai no wa Iya nano de Bōgyoryoku ni Kyokufuri Shitai to Omoimasu.;Bofuri
Q577860;Jester el aventurero;Gokudo
Q606804;Los Trípodes;The Tripods
Q617803;Jacobo Lobo;Alfie the Werewolf
Q623442;Sakura-sō no Pet na Kanojo;The Pet Girl of Sakurasou
Q628393;Kuromajo-san ga toru!!;Kuromajo-san ga Toru!!
Q632554;Corazón de tinta;Inkheart series
Q635464;Tetralogía de Bartimeo;Bartimaeus Sequence
Q642883;Las crónicas de la familia Kent;The Kent Family Chronicles
Q651849;Ginban Kaleidoscope;Ginban Kaleidoscope
Q658576;Fablehaven;Fablehaven
Q675872;Septimus Heap;Septimus Heap
Q684593;Los Reyes Malditos;The Accursed Kings
Q685165;Masters of Rome;Masters of Rome
Q685337;Nuevas historias de vampiros;New Tales of the Vampires dylogy
Q691439;Record of Lodoss War;Record of Lodoss War
Q60996522;Nanatsu no Maken ga Shihai Suru;Reign of the Seven Spellblades
Q60996787;Kenja no Deshi o Nanoru Kenja;She Professed Herself Pupil of the Wise Man
Q61058189;Ore dake Haireru Kakushi Dungeon: Kossori Kitaete Sekai Saikyou;The Hidden Dungeon Only I Can Enter
Q62388607;serie Luna;Luna series
Q62389067;Bel Dame Apocrypha;Bel Dame Apocrypha
Q62392898;Kawaikereba Hentai demo Suki ni Natte Kuremasuka?;Kawaikereba Hentai demo Suki ni Natte Kuremasuka?
Q62587685;Worldbreaker Saga;Worldbreaker Saga
Q63171261;Los diarios de Matabot;The Murderbot Diaries
Q63248145;Ojamajo Doremi 16;Ojamajo Doremi 16
Q65248359;Otome Game no Hametsu Flag Shika Nai Akuyaku Reijō ni Tensei Shiteshimatta...;My Next Life as a Villainess: All Routes Lead to Doom!
Q65259152;Tensai Ōji no Akaji Kokka Saisei Jutsu;The Genius Prince's Guide to Raising a Nation Out of Debt
Q59673294;Sabikui Bisco;Sabikui Bisco
Q60533943;Serie Honor Harrington;Cycle Honor Harrington
Q60743465;Demon Lord, Retry!;Demon Lord, Retry!
Q60752239;Kono Yūsha ga Ore TUEEE Kuse ni Shinchō Sugiru;The Hero is Overpowered but Overly Cautious
Q60979203;Una Corte de Rosas y Espinas;A Court of Thorns and Roses
Q60987024;Isekai Meikyū de Harem o;Harem in the Labyrinth of Another World
Q60990373;Naze Boku no Sekai o Dare mo Oboeteinai no ka?;Why Does Nobody Remember Me in This World?
Q60996342;Shikkakumon no Saikyō Kenja;The Strongest Sage With the Weakest Crest
Q696965;The Twelve Kingdoms;The Twelve Kingdoms
Q699782;Saiunkoku Monogatari;The Story of Saiunkoku
Q700467;Lost Universe;Lost Universe
Q702597;Shōnen Onmyōji;Shōnen Onmyōji
Q702996;Scrapped Princess;Scrapped Princess
Q65551313;Solo leveling;Solo Leveling
Q71514452;Maō Gakuin no Futekigōsha;The Misfit of Demon King Academy
Q78119556;Tomodachi no Imōto ga Ore ni Dake Uzai;My Friend's Little Sister Has It In for Me!
Q83591005;Isekai Ryōridō;Cooking with Wild Game
Q85727753;2.43: Seiin Kōkō Danshi Volley-bu;2.43: Seiin High School Boys Volleyball Team
Q85751712;Chīto Kusushi no Surō Raifu: Isekai ni Tsukurō Doraggusutoa;Drugstore in Another World
Q85882620;Shin no Nakama ja Nai to Yuusha no Party wo Oidasareta node, Henkyou de Slow Life suru Koto ni Shimashita;Banished from the Heroes' Party
Q710495;Loui: El Guerrero de las Runas;Mahō Senshi Louie
Q724155;Asobi ni Iku yo!;Asobi ni iku yo!
Q728841;Trilogía de Gormenghast;Gormenghast trilogy
Q729809;Mōretsu Uchū Kaizoku;Bodacious Space Pirates
Q735319;La saga de los Forsyte;The Forsyte Saga
Q739702;Los Gatos Guerreros;Warriors
Q97636207;Seiyū Radio no Ura Omote;The Many Sides of Voice Actor Radio
Q98082820;Mushoku no Eiyū;Mushoku no Eiyū
Q98867538;Spy Kyōshitsu;Spy Classroom
Q752495;Asura Cryin';Asura Cryin'
Q753209;Perry Rhodan;Perry Rhodan
Q808549;Ciclo barroco;The Baroque Cycle
Q822290;Gargantúa y Pantagruel;Gargantua and Pantagruel
Q86450949;Star Wars: The High Republic;Star Wars: The High Republic
Q86728059;Chitose-kun wa Ramune Bin no Naka;Chitose Is in the Ramune Bottle
Q86728436;Mahōtsukai Reimeiki;The Dawn of the Witch
Q86737450;Tantei wa Mou, Shindeiru.;The Detective is Already Dead
Q86739651;"Hazure Waku no ""Jōtai Ijō Sukiru"" de Saikyō ni Natta Ore ga Subete wo Jūrin Suru made";Failure Frame
Q86740055;Otonari no Tenshi-sama ni Itsunomanika Dame Ningen ni Sareteita Ken;The Angel Next Door Spoils Me Rotten
Q87739516;Sentōin, Hakenshimasu!;Combatants Will Be Dispatched!
Q89741227;Osananajimi ga Zettai ni Makenai Love Comedy;Osamake
Q97177835;Kōjo Denka no Kateikyōshi;Private Tutor to the Duke's Daughter
Q97186700;Seija Musō;The Great Cleric
Q97189458;Madо̄gushi Dahlia wa Utsumukanai: Kyō kara Jiyū na Shokunin Life;Dahlia in Bloom
Q97341843;Hikikomari Kyūketsu Hime no Monmon;The Vexations of a Shut-In Vampire Princess
Q97350479;Kage no Jitsuryokusha ni Naritakute!;The Eminence in Shadow
Q97576935;Mamahaha no Tsurego ga Motokano datta;My Stepmom's Daughter Is My Ex
Q97590203;Tearmoon Empire;Tearmoon Empire
Q840516;Crónicas vampíricas;The Vampire Chronicles
Q840574;Petopeto-san;Petopeto-san
Q847022;Millennium;Millennium
Q853855;Darren Shan;The Saga of Darren Shan
Q857000;Cómo entrenar a tu dragón;How to Train Your Dragon
Q860102;Warcraft: La guerra de los ancestros;Warcraft: War of the Ancients Trilogy
Q880095;Black Blood Brothers;Black Blood Brothers
Q880203;La hermandad de la daga negra;Black Dagger Brotherhood
Q898113;Lucky Starr;Lucky Starr series
Q921950;Traición;Uglies series
Q942860;Son Altesse Sérénissime;Son Altesse Sérénissime
Q948709;El mar de la fertilidad;The Sea of Fertility
Q949050;Necroscopio;Necroscope
Q950075;El Ciclo de la Puerta de la Muerte;The Death Gate Cycle
Q958873;Otherland;Otherland
Q970160;Trilogía marciana;Mars trilogy
Q971694;Trilogía USA;U.S.A.
Q999222;Los hijos de la tierra;Earth's Children hexalogy
Q5576671;Godkiller;Godkiller
Q5680972;Hataraku Maō-sama!;The Devil Is a Part-Timer!
Q5739185;La herencia de Shannara;Heritage of Shannara
Q5838715;Trilogía de Curdy;Curdy trilogy
Q5965446;Serie Tarzán;Tarzan
Q5968317;La tribu de Uno;Tribe of One
Q6045987;Novelas españolas contemporáneas;Novelas españolas contemporáneas
Q6059065;Palmerines;Palmerines
Q6095696;Dune;Dune
Q6152684;Trilogía estadounidense;American trilogy
Q6962653;Nancy Drew on Campus;Nancy Drew on Campus
Q7011482;Aventuras de la nueva serie;New Series Adventures
Q7063819;Cruces y Ceros;Noughts & Crosses
Q7093903;Onihei Hankachō;Onihei Hankachō
Q7239605;Serie máquinas mortales;Mortal Engines Quartet
Q7383533;Crónicas de Rutshire;Rutshire Chronicles
Q7487780;Strike the Blood;Strike the Blood
Q7601109;The Last of the Jedi;Star Wars: The Last of the Jedi
Q7601273;La estrella de los guardianes;Star of the Guardians tetralogy
Q7621603;Strangers and Brothers;Strangers and Brothers
Q7666221;El Rancho del Pájaro Amarillo;Sítio do Picapau Amarelo
Q7679332;Tales of My Landlord;Tales of My Landlord
Q7715044;El quinteto de Avignon;The Avignon Quintet
Q7716579;The Berrybender Narratives;The Berrybender Narratives
Q7718061;El pájaro que bebe lágrimas;The Bird That Drinks Tears
Q7719349;The Books of Abarat;The Books of Abarat
Q7721557;The Cassandra Palmer series;Cassandra Palmer series
Q7734153;La Primera Ley;The First Law
Q7753331;El paralaje Neandertal;The Neanderthal Parallax
Q7754058;El ángel de la noche;The Night Angel Trilogy
Q7762369;Crónicas sajonas;The Saxon Stories
Q7763492;Trilogía Sieteaguas;Sevenwaters
Q7766706;El archivo de las tormentas;The Stormlight Archive
Q7769918;La espía traidora;The Traitor Spy Trilogy
Q7798359;Trono de cristal;Throne of Glass
Q7975429;Novelas de Waverley;Waverley Novels
Q8539013;La espada de la verdad;The Sword of Truth
Q8883354;Ore no Nōnai Sentakushi ga, Gakuen Rabu Kome o Zenryoku de Jama Shiteiru;Noucome
Q56347170;Kami-tachi ni Hirowareta Otoko;By the Grace of the Gods
Q56347954;Bokutachi no Remake;Remake Our Life!
Q56421316;Isekai Nonbiri Nōka;Farming Life in Another World
Q9385099;Kyōkai no Kanata;Kyōkai no Kanata
Q55532535;Hige wo Soru. Soshite Joshi Kōsei wo Hirou.;Higehiro
Q55537346;Hōsekisho Richard-shi no Nazo Kantei;The Case Files of Jeweler Richard
Q55537529;S Rank Monster no “Behemoth” dakedo, Neko to Machigawarete Elf Musume no Pet Toshite Kurashitemasu;I'm a Behemoth
Q55669869;Takeshi Kovacs;Takeshi Kovacs
Q56115718;Urasekai Picnic;Otherside Picnic
Q56274909;20 Seiki Denki Mokuroku;20 Seiki Denki Mokuroku
Q56307612;La guardiana de las ciudades perdidas;Keeper of the Lost Cities
Q4470;La rueda del tiempo;The Wheel of Time
Q8337;Harry Potter;Harry Potter
Q18578;El Libro de la Oscuridad;The Book of Dust
Q25091;Kaze no Stigma;Kaze no Stigma
Q25169;Guía del autoestopista galáctico;The Hitchhiker's Guide to the Galaxy pentalogy
Q27863;Sword Art Online;Sword Art Online
Q44523;Crepúsculo;Twilight
Q45084;Pentalogía del clérigo;The Cleric Quintet
Q45875;Canción de hielo y fuego;A Song of Ice and Fire
Q49945;Los tres investigadores;The Three Investigators
Q50035;Haiyore! Nyaruko-san;Haiyore! Nyaruko-san
Q53351;Accel World;Accel World
